"project.name","version","name","amc","max_cc","avg_cc","loc","noc","rfc","npm","wmc","dam","ca","cbm","cbo","ce","ic","cam","lcom3","lcom","max.coupling","min.coupling","mean.coupling","is.change.prone"
"poi","2.5.1","org.apache.poi.hssf.record.ValueRangeRecord",18.25,2,0.95,786,0,60,38,40,0.9375,1,6,6,5,1,0.275,0.838141026,90,0.990000009536743,0.589999973773956,0.920000006106753,FALSE
"poi","2.5.1","org.apache.poi.ddf.EscherRecord",5.95,2,1.05,141,14,36,18,20,1,31,0,32,4,0,0.2375,0.842105263,164,1,0.569999992847443,0.936005228337669,FALSE
"poi","2.5.1","org.apache.poi.hssf.usermodel.HSSFRow",17.54166667,5,1.7083,451,0,52,16,24,0.833333333,4,0,9,5,0,0.183333333,0.673913043,86,1,0.519999980926514,0.934412536982145,FALSE
"poi","2.5.1","org.apache.poi.hssf.record.ObjectLinkRecord",14.3125,2,0.875,254,0,28,14,16,0.333333333,1,6,5,4,1,0.46875,0.933333333,72,1,0.569999992847443,0.902454313347919,FALSE
"poi","2.5.1","org.apache.poi.hssf.record.formula.NamePtg",16.875,1,0.625,148,0,20,7,8,0.6,2,2,5,4,1,0.375,0.8,4,1,0.519999980926514,0.917832899965132,FALSE
"poi","2.5.1","org.apache.poi.hssf.record.PasswordRev4Record",8.454545455,2,0.8182,106,0,21,9,11,0.5,2,6,5,3,1,0.522727273,0.85,49,1,0.550000011920929,0.935143610827294,FALSE
"poi","2.5.1","org.apache.poi.ddf.EscherBoolProperty",7,2,1.3333,24,0,4,3,3,0,5,0,6,1,0,0.555555556,2,1,1,0.509999990463257,0.923315928748009,FALSE
"poi","2.5.1","org.apache.poi.hssf.model.TextboxShape",31.875,1,0.875,267,0,59,4,8,1,2,1,20,19,1,0.666666667,0.821428571,20,0.97000002861023,0.5799999833107,0.863394257449606,FALSE
"poi","2.5.1","org.apache.poi.hssf.usermodel.HSSFPatriarch",11.5,2,1,156,0,24,11,12,0,2,0,10,9,0,0.375,0.787878788,6,1,0.550000011920929,0.936135775893538,FALSE
"poi","2.5.1","org.apache.poi.poifs.property.DirectoryProperty",33.5,6,1.625,278,1,37,6,8,1,7,1,11,5,1,0.375,0.357142857,0,0.97000002861023,0.360000014305115,0.880548302560811,FALSE
"poi","2.5.1","org.apache.poi.hssf.usermodel.HSSFHeader",14.375,4,1.125,250,0,30,14,16,0,1,0,2,1,0,0.21875,0.683333333,88,0.990000009536743,0.349999994039536,0.836292428618623,FALSE
"poi","2.5.1","org.apache.poi.hssf.record.formula.Ref3DPtg",17.63636364,5,1.0455,417,0,51,22,22,0.857142857,3,2,9,7,1,0.233766234,0.721088435,89,0.990000009536743,0.52999997138977,0.906031332812795,FALSE
"poi","2.5.1","org.apache.poi.hssf.record.LabelSSTRecord",14.4,7,1.76,390,0,40,23,25,0.8,4,6,8,4,1,0.3,0.758333333,258,1,0.569999992847443,0.937597917670058,FALSE
"poi","2.5.1","org.apache.poi.hssf.record.TextRecord",20.58064516,2,0.9677,1390,0,85,60,62,0.5,1,6,6,5,1,0.266129032,0.953972257,611,0.990000009536743,0.569999992847443,0.918746741726878,FALSE
"poi","2.5.1","org.apache.poi.hssf.record.DBCellRecord",15.53333333,3,1.2,251,0,32,13,15,0.666666667,4,6,7,3,1,0.483333333,0.785714286,79,1,0.550000011920929,0.934281989581902,FALSE
"poi","2.5.1","org.apache.poi.hssf.record.DatRecord",14.75,2,0.9,321,0,37,18,20,0.833333333,1,6,6,5,1,0.36,0.684210526,0,1,0.52999997138977,0.923159273735226,FALSE
"poi","2.5.1","org.apache.poi.poifs.property.PropertyConstants",0,0,0,4,0,0,0,0,0,0,0,0,0,0,0,2,0,0.97000002861023,0.300000011920929,0.792663183520419,FALSE
"poi","2.5.1","org.apache.poi.hpsf.SpecialPropertySet",4.2,1,0.9,53,2,20,10,10,1,2,2,5,3,1,0.55,0,0,0.990000009536743,0.400000005960464,0.890887732527586,FALSE
"poi","2.5.1","org.apache.poi.hssf.record.DefaultColWidthRecord",8.583333333,2,0.8333,117,0,22,10,12,0.5,2,6,5,3,1,0.5,0.818181818,54,1,0.479999989271164,0.891018275570309,TRUE
"poi","2.5.1","org.apache.poi.hssf.usermodel.HSSFSheet",14.32258065,18,1.6559,1441,0,244,79,93,0.4375,6,0,33,28,0,0.144927536,0.925951087,0,1,0.52999997138977,0.936788515851641,FALSE
"poi","2.5.1","org.apache.poi.hssf.eventusermodel.HSSFListener",0,1,1,1,0,1,1,1,0,6,0,7,1,0,1,2,0,0.990000009536743,0.449999988079071,0.918668407839832,TRUE
"poi","2.5.1","org.apache.poi.hssf.record.EscherAggregate",47,11,2.4,1170,0,126,10,20,0.019047619,3,7,34,32,2,0.161538462,1.047117794,130,0.990000009536743,0.469999998807907,0.893629245362767,FALSE
"poi","2.5.1","org.apache.poi.hssf.usermodel.HSSFWorkbook",32.7037037,32,2.2963,1831,0,183,45,54,0.727272727,4,0,34,30,0,0.140161725,0.878216123,89,1,0.5,0.933838124063557,FALSE
"poi","2.5.1","org.apache.poi.hssf.record.WindowOneRecord",12.68421053,2,0.9211,536,0,52,35,38,0.9375,2,6,6,4,1,0.335135135,0.898648649,479,1,0.5799999833107,0.931566584514887,FALSE
"poi","2.5.1","org.apache.poi.hssf.record.ColumnInfoRecord",12.40740741,2,0.8889,372,0,42,24,27,0.9,3,6,7,4,1,0.346153846,0.846153846,209,1,0.589999973773956,0.931879901387984,FALSE
"poi","2.5.1","org.apache.poi.poifs.storage.HeaderBlockWriter",38.5,4,1.375,324,0,19,6,8,1,2,2,8,6,1,0.583333333,0.821428571,0,0.990000009536743,0.310000002384186,0.829895561731204,FALSE
"poi","2.5.1","org.apache.poi.util.FixedField",0,1,1,4,0,4,4,4,0,4,0,5,1,0,0.583333333,2,6,0.990000009536743,0.449999988079071,0.845926893442169,FALSE
"poi","2.5.1","org.apache.poi.hssf.record.ProtectRecord",9.416666667,2,1,127,0,22,10,12,0.5,4,6,7,3,1,0.4,0.818181818,46,0.990000009536743,0.540000021457672,0.92261097123044,FALSE
"poi","2.5.1","org.apache.poi.hssf.record.SubRecord",14.25,5,1.25,61,3,11,4,4,0,4,0,6,5,0,0.6875,2,6,1,0.540000021457672,0.931879903099867,FALSE
"poi","2.5.1","org.apache.poi.hssf.record.AxisOptionsRecord",19.79545455,2,0.9545,933,0,61,42,44,0.944444444,1,6,6,5,1,0.327272727,0.860465116,312,0.990000009536743,0.610000014305115,0.918015666792349,FALSE
"poi","2.5.1","org.apache.poi.poifs.storage.BlockListImpl",16.5,3,1.1667,107,2,13,4,6,1,2,0,5,3,0,0.458333333,0.5,0,0.97000002861023,0.5,0.867885118676228,FALSE
"poi","2.5.1","org.apache.poi.hssf.record.PasswordRecord",8.583333333,2,0.8333,117,0,22,10,12,0.5,2,6,5,3,1,0.5,0.818181818,54,1,0.560000002384186,0.934490869157308,FALSE
"poi","2.5.1","org.apache.poi.hssf.record.formula.ReferencePtg",13.63157895,3,0.9474,284,0,38,18,19,0.833333333,2,2,6,5,1,0.22556391,0.685185185,21,0.97000002861023,0.519999980926514,0.886422977901937,FALSE
"poi","2.5.1","org.apache.poi.hssf.record.TabIdRecord",15.36363636,2,1.0909,182,0,25,9,11,0,2,6,5,3,1,0.418181818,0.8,43,1,0.540000021457672,0.936318545677643,TRUE
"poi","2.5.1","org.apache.poi.hssf.record.Record",4.6,1,0.8,84,132,23,12,15,0,155,0,155,0,0,0.483333333,2,105,1,0.560000002384186,0.933707578530822,FALSE
"poi","2.5.1","org.apache.poi.hssf.record.RecalcIdRecord",14.23076923,2,1.0769,201,0,27,11,13,0.333333333,1,6,4,3,1,0.333333333,0.777777778,46,1,0.5799999833107,0.936579640478129,FALSE
"poi","2.5.1","org.apache.poi.hssf.usermodel.HSSFDateUtil",20.63636364,4,1.6364,241,0,24,6,11,1,1,0,2,2,0,0.157142857,1.033333333,53,0.990000009536743,0.519999980926514,0.920234986602793,FALSE
"poi","2.5.1","org.apache.poi.hssf.record.PrintHeadersRecord",9.5,2,1,128,0,22,10,12,0.5,2,6,5,3,1,0.4,0.818181818,46,0.990000009536743,0.52999997138977,0.91091384153142,FALSE
"poi","2.5.1","org.apache.poi.hssf.usermodel.HSSFAnchor",3.833333333,1,0.8333,62,2,13,12,12,0,15,0,15,0,0,0.708333333,0.818181818,42,1,0.46000000834465,0.923289819968276,TRUE
"poi","2.5.1","org.apache.poi.hssf.usermodel.HSSFFont",5.571428571,1,0.9524,153,0,44,20,21,0.133333333,5,0,6,1,0,0.253968254,0.976666667,0,1,0.509999990463257,0.925874677712861,FALSE
"poi","2.5.1","org.apache.poi.poifs.dev.POIFSViewable",0,1,1,4,0,4,4,4,0,6,0,6,0,0,1,2,6,0.990000009536743,0.519999980926514,0.919242820602795,FALSE
"poi","2.5.1","org.apache.poi.hpsf.Property",36.66666667,9,2,230,0,25,4,6,1,2,0,5,3,0,0.55,0.75,7,0.97000002861023,0.28999999165535,0.775613575162215,FALSE
"poi","2.5.1","org.apache.poi.ddf.EscherShapePathProperty",7,0,0,13,0,2,1,1,0,3,0,4,1,0,1,2,0,1,0.509999990463257,0.919582247578444,FALSE
"poi","2.5.1","org.apache.poi.poifs.filesystem.DocumentDescriptor",30.5,6,2.5,129,0,18,4,4,1,1,1,2,1,1,0.4375,0.222222222,0,0.949999988079071,0.439999997615814,0.803315923901824,TRUE
"poi","2.5.1","org.apache.poi.hssf.record.FontIndexRecord",10.58333333,2,0.8333,141,0,24,10,12,0.5,1,6,5,4,1,0.5,0.818181818,46,0.990000009536743,0.5799999833107,0.920208881013387,FALSE
"poi","2.5.1","org.apache.poi.hssf.record.formula.LessEqualPtg",5.666666667,1,0.7778,62,0,13,9,9,0,2,0,4,2,0,0.333333333,1.125,36,1,0.550000011920929,0.925718019898816,FALSE
"poi","2.5.1","org.apache.poi.hssf.usermodel.HSSFShapeGroup",11.41666667,2,1,154,0,23,12,12,0,3,1,10,7,1,0.316666667,0.672727273,6,1,0.509999990463257,0.928485643303425,TRUE
"poi","2.5.1","org.apache.poi.util.CommonsLogger",26.2,12,4.8,138,0,20,4,5,1,0,1,3,3,1,0.5,0.5,0,0.939999997615814,0.319999992847443,0.750861618833193,FALSE
"poi","2.5.1","org.apache.poi.ddf.EscherSplitMenuColorsRecord",15.8,2,1,258,0,33,15,15,0.666666667,1,5,7,6,1,0.333333333,0.833333333,43,1,0.560000002384186,0.93689295579497,FALSE
"poi","2.5.1","org.apache.poi.util.HexRead",43,1,0.8333,264,0,27,5,6,0,1,0,1,0,0,0.291666667,2,15,0.980000019073486,0.490000009536743,0.87315926928433,FALSE
"poi","2.5.1","org.apache.poi.hssf.model.DrawingManager",29,7,2.1429,212,0,30,4,7,0,4,0,7,3,0,0.476190476,0.333333333,0,0.949999988079071,0.419999986886978,0.808198431453257,TRUE
"poi","2.5.1","org.apache.poi.hssf.record.DrawingSelectionRecord",4,1,0.4,26,0,8,4,5,0,1,2,2,1,1,0.5,1.25,10,0.990000009536743,0.52999997138977,0.925561361929144,TRUE
"poi","2.5.1","org.apache.poi.hssf.usermodel.HSSFFooter",14.375,4,1.125,250,0,30,14,16,0,1,0,2,1,0,0.21875,0.683333333,88,0.990000009536743,0.409999996423721,0.879530027781081,FALSE
"poi","2.5.1","org.apache.poi.hssf.usermodel.DummyGraphics2d",32.97647059,1,0.9882,2890,0,181,85,85,0.5,0,20,0,0,2,0.075456389,0.5,0,0.990000009536743,0.379999995231628,0.893812013512803,FALSE
"poi","2.5.1","org.apache.poi.ddf.EscherProperty",5.8,2,1,69,2,12,10,10,1,11,0,12,1,0,0.34,0.333333333,3,1,0.469999998807907,0.916527414368587,FALSE
"poi","2.5.1","org.apache.poi.hssf.record.GutsRecord",11.55555556,2,0.8889,231,0,28,16,18,0.8,2,6,5,3,1,0.458333333,0.776470588,111,1,0.5799999833107,0.935013061248291,FALSE
"poi","2.5.1","org.apache.poi.hssf.util.Region",9.5,9,1.625,172,0,17,16,16,1,2,0,3,1,0,0.291666667,0.533333333,78,0.930000007152557,0.28999999165535,0.719033941665455,FALSE
"poi","2.5.1","org.apache.poi.hssf.record.SCLRecord",12.71428571,2,0.8571,195,0,26,12,14,0.666666667,3,6,7,4,1,0.482142857,0.769230769,57,1,0.52999997138977,0.932898179202416,FALSE
"poi","2.5.1","org.apache.poi.hssf.record.NumberRecord",14.36,7,1.76,389,0,41,23,25,0.8,7,6,11,4,1,0.257142857,0.758333333,258,0.990000009536743,0.620000004768372,0.906396870980375,FALSE
"poi","2.5.1","org.apache.poi.ddf.DefaultEscherRecordFactory",46.75,6,2,193,1,26,2,4,1,3,0,10,7,0,0.416666667,0.833333333,4,0.97000002861023,0.439999997615814,0.897989554753814,FALSE
"poi","2.5.1","org.apache.poi.ddf.EscherTextboxRecord",32.11111111,4,1.3333,302,0,41,8,9,0.5,1,5,7,6,1,0.35,0.875,4,1,0.5799999833107,0.933629249468173,FALSE
"poi","2.5.1","org.apache.poi.hssf.dev.EFHSSFListener",5.5,1,0.5,14,0,4,2,2,0,1,0,3,3,0,0.666666667,0,0,0.990000009536743,0.419999986886978,0.896788512368738,FALSE
"poi","2.5.1","org.apache.poi.hssf.record.formula.MultiplyPtg",7.454545455,1,0.8182,96,0,16,11,11,0.333333333,2,0,4,3,0,0.272727273,1.1,55,0.980000019073486,0.5,0.918537856704573,TRUE
"poi","2.5.1","org.apache.poi.hssf.model.AbstractShape",30.83333333,6,2.3333,191,4,28,3,6,0,5,0,20,19,0,0.333333333,2,15,0.9200000166893,0.46000000834465,0.760469974098878,FALSE
"poi","2.5.1","org.apache.poi.hssf.record.MulRKRecord",14,2,1,230,0,34,12,15,0.8,3,5,8,5,1,0.516666667,0.871428571,87,1,0.589999973773956,0.926396871360102,FALSE
"poi","2.5.1","org.apache.poi.hssf.record.ExtSSTRecord",17.47058824,3,1.2353,319,0,41,15,17,0.4,4,6,8,4,1,0.31372549,0.85,66,1,0.589999973773956,0.916736298534951,FALSE
"poi","2.5.1","org.apache.poi.hssf.record.formula.MissingArgPtg",3.285714286,1,0.7143,32,0,8,7,7,0.5,1,2,2,2,1,0.428571429,1.166666667,21,0.990000009536743,0.550000011920929,0.916605745220931,FALSE
"poi","2.5.1","org.apache.poi.hssf.record.PageBreakRecord",27.05882353,5,1.5294,483,2,44,15,17,0.5,4,6,7,4,1,0.485294118,0.760416667,106,1,0.519999980926514,0.935013062648923,TRUE
"poi","2.5.1","org.apache.poi.poifs.storage.DocumentBlock",21,3,1.2,223,0,19,8,10,1,2,2,5,3,1,0.228571429,0.740740741,5,0.980000019073486,0.5,0.843550911771411,TRUE
"poi","2.5.1","org.apache.poi.ddf.EscherPropertyFactory",86.5,12,6,175,0,20,2,2,0,1,0,10,9,0,0.625,2,1,0.980000019073486,0.419999986886978,0.861566577272067,FALSE
"poi","2.5.1","org.apache.poi.hssf.record.GridsetRecord",9.5,2,1,128,0,22,10,12,0,2,6,5,3,1,0.4,0.818181818,46,1,0.589999973773956,0.928250658138614,FALSE
"poi","2.5.1","org.apache.poi.poifs.storage.HeaderBlockConstants",0,0,0,10,0,0,0,0,0,2,0,2,0,0,0,2,0,0.980000019073486,0.319999992847443,0.856605743926125,TRUE
"poi","2.5.1","org.apache.poi.hssf.record.formula.FuncPtg",15.71428571,1,0.7143,120,0,17,6,7,0.333333333,2,5,4,2,1,0.523809524,0.888888889,0,1,0.52999997138977,0.856292428142408,FALSE
"poi","2.5.1","org.apache.poi.hssf.dev.FormulaViewer",45,13,3.2222,416,0,43,6,9,1,0,0,11,11,0,0.333333333,0.6875,28,0.980000019073486,0.409999996423721,0.878694516716053,FALSE
"poi","2.5.1","org.apache.poi.hssf.usermodel.HSSFName",11.28571429,2,1,88,0,22,5,7,1,1,0,4,3,0,0.428571429,0.166666667,0,1,0.560000002384186,0.934099220731551,FALSE
"poi","2.5.1","org.apache.poi.poifs.property.DocumentProperty",5.714285714,1,0.7143,48,0,14,5,7,1,5,0,6,2,0,0.342857143,0.5,9,0.97000002861023,0.449999988079071,0.829399478731205,FALSE
"poi","2.5.1","org.apache.poi.hssf.usermodel.HSSFPrintSetup",4.743589744,2,1.0256,234,0,78,38,39,0,2,0,3,1,0,0.302564103,0.923684211,0,0.990000009536743,0.509999990463257,0.926971280388048,FALSE
"poi","2.5.1","org.apache.poi.hssf.model.ConvertAnchor",67.5,2,1,137,0,36,2,2,0,2,0,8,6,0,0.5,2,1,0.939999997615814,0.259999990463257,0.775483027995411,FALSE
"poi","2.5.1","org.apache.poi.poifs.storage.BATBlock",17,5,1.3333,222,0,18,8,12,1,4,2,6,2,1,0.3125,0.924242424,54,1,0.430000007152557,0.904830289883028,FALSE
"poi","2.5.1","org.apache.poi.ddf.EscherBSERecord",16.58064516,3,1.0645,567,0,55,31,31,0.545454545,0,5,5,5,1,0.230414747,0.940909091,281,1,0.569999992847443,0.935979118701995,FALSE
"poi","2.5.1","org.apache.poi.util.LittleEndianConsts",0,0,0,5,0,0,0,0,0,1,0,1,0,0,0,2,0,0.990000009536743,0.469999998807907,0.927728460056041,TRUE
"poi","2.5.1","org.apache.poi.hssf.record.MMSRecord",9.538461538,2,0.8462,140,0,22,11,13,0.666666667,2,6,5,3,1,0.4,0.805555556,66,1,0.589999973773956,0.933446482018453,FALSE
"poi","2.5.1","org.apache.poi.hssf.record.HeaderRecord",12.21428571,3,1.1429,188,0,26,12,14,0.666666667,4,6,8,4,1,0.321428571,0.743589744,69,0.990000009536743,0.479999989271164,0.903054827887458,FALSE
"poi","2.5.1","org.apache.poi.hssf.record.StringRecord",11.94117647,2,1.1176,224,0,32,13,17,0.75,5,6,9,4,1,0.294117647,0.75,74,0.990000009536743,0.589999973773956,0.913759794465556,FALSE
"poi","2.5.1","org.apache.poi.poifs.eventfilesystem.POIFSReaderRegistry",25.66666667,5,2.3333,163,0,22,0,6,1,1,0,4,3,0,0.5,0.333333333,0,0.980000019073486,0.379999995231628,0.891853788658471,TRUE
"poi","2.5.1","org.apache.poi.util.LongField",7.181818182,1,0.6364,92,0,21,11,11,1,2,0,5,3,0,0.454545455,0.25,9,0.97000002861023,0.509999990463257,0.866422975187825,TRUE
"poi","2.5.1","org.apache.poi.hssf.record.FontBasisRecord",16.55,2,0.9,357,0,32,18,20,0.833333333,1,6,5,4,1,0.45,0.789473684,114,1,0.620000004768372,0.925039171083166,FALSE
"poi","2.5.1","org.apache.poi.hssf.record.SheetPropertiesRecord",16.16666667,2,0.9167,423,0,42,22,24,0.636363636,1,6,6,5,1,0.291666667,0.818181818,0,0.990000009536743,0.52999997138977,0.923211493006574,TRUE
"poi","2.5.1","org.apache.poi.hssf.record.BOFRecord",12.59090909,2,0.9091,316,0,35,20,22,0.352941176,5,6,8,3,1,0.443181818,0.946778711,169,1,0.5799999833107,0.931122721019675,TRUE
"poi","2.5.1","org.apache.poi.hssf.model.Node",7,1,0.8,43,0,6,5,5,1,1,0,2,1,0,0.4,0.583333333,0,0.860000014305115,0.189999997615814,0.523002607976488,FALSE
"poi","2.5.1","org.apache.poi.hssf.record.RecordProcessor",24.55555556,2,1.1111,234,0,17,7,9,1,1,0,4,3,0,0.511111111,0.5,0,0.930000007152557,0.400000005960464,0.792245430516823,FALSE
"poi","2.5.1","org.apache.poi.hssf.record.HorizontalPageBreakRecord",4.4,1,0.2,28,0,9,5,5,0,1,3,2,1,1,0.55,1.25,10,1,0.550000011920929,0.936240214747486,FALSE
"poi","2.5.1","org.apache.poi.poifs.storage.BigBlock",2.75,1,0.75,15,4,6,1,4,0,4,0,5,1,0,0.666666667,2,6,1,0.439999997615814,0.906814622661152,FALSE
"poi","2.5.1","org.apache.poi.hssf.record.CommonObjectDataSubRecord",18.33333333,2,0.9333,622,0,50,28,30,0.238095238,6,6,10,5,1,0.34,0.975369458,155,0.990000009536743,0.5799999833107,0.924673634938721,TRUE
"poi","2.5.1","org.apache.poi.poifs.storage.BlockWritable",0,1,1,1,0,1,1,1,0,9,0,9,0,0,1,2,0,0.990000009536743,0.479999989271164,0.900365537280513,FALSE
"poi","2.5.1","org.apache.poi.hssf.record.EOFRecord",6.8,2,0.8,79,0,18,8,10,0,3,6,6,3,1,0.525,1.111111111,45,1,0.5799999833107,0.930156663565972,FALSE
"poi","2.5.1","org.apache.poi.hssf.record.LegendRecord",19.02777778,2,0.9444,744,0,57,34,36,0.565217391,1,6,6,5,1,0.277777778,0.90931677,196,1,0.600000023841858,0.929086167413946,FALSE
"poi","2.5.1","org.apache.poi.hssf.record.MulBlankRecord",13.78571429,2,1,212,0,25,11,14,0.8,3,5,6,3,1,0.517857143,0.861538462,77,1,0.589999973773956,0.927571806832953,FALSE
"poi","2.5.1","org.apache.poi.util.StringUtil",40.08333333,10,2.5833,494,0,37,10,12,1,15,0,15,0,0,0.273809524,1.090909091,66,0.860000014305115,0.409999996423721,0.702950393406592,TRUE
"poi","2.5.1","org.apache.poi.hssf.record.CalcModeRecord",8.583333333,2,0.8333,120,0,22,10,12,0.2,2,6,5,3,1,0.5,0.981818182,54,1,0.5799999833107,0.934830291775437,FALSE
"poi","2.5.1","org.apache.poi.hssf.record.BeginRecord",6.888888889,2,0.7778,72,0,17,7,9,0,1,6,4,3,1,0.555555556,1.125,36,1,0.540000021457672,0.927180162453465,TRUE
"poi","2.5.1","org.apache.poi.ddf.EscherClientDataRecord",18.66666667,2,1.1111,180,0,27,9,9,0.333333333,5,5,10,5,1,0.355555556,0.875,6,1,0.560000002384186,0.931488256385993,FALSE
"poi","2.5.1","org.apache.poi.hssf.record.LabelRecord",13.69565217,6,1.5652,345,0,37,21,23,0.857142857,2,5,7,5,1,0.347826087,0.850649351,219,1,0.569999992847443,0.93796345288075,TRUE
"poi","2.5.1","org.apache.poi.hssf.record.FooterRecord",12.14285714,3,1.1429,187,0,26,12,14,0.666666667,4,6,8,4,1,0.321428571,0.743589744,69,1,0.5799999833107,0.925065280407589,FALSE
"poi","2.5.1","org.apache.poi.hssf.record.formula.AreaPtg",17.86206897,5,1.0345,556,0,53,28,29,0.888888889,2,2,7,6,1,0.221674877,0.75,100,1,0.550000011920929,0.920626629426025,FALSE
"poi","2.5.1","org.apache.poi.hssf.record.CustomField",0,1,1,4,0,4,4,4,0,1,0,1,0,0,0.5,2,6,0.980000019073486,0.469999998807907,0.872819843787126,FALSE
"poi","2.5.1","org.apache.poi.hssf.usermodel.HSSFErrorConstants",0,0,0,7,0,0,0,0,0,0,0,0,0,0,0,2,0,0.990000009536743,0.490000009536743,0.935117498545983,FALSE
"poi","2.5.1","org.apache.poi.ddf.EscherDggRecord",23.29411765,3,1.1765,419,0,48,17,17,0.666666667,3,5,10,8,1,0.274509804,0.822916667,38,1,0.5799999833107,0.935665802140149,FALSE
"poi","2.5.1","org.apache.poi.hssf.record.formula.UnionPtg",5.333333333,1,0.7778,58,0,13,9,9,0,2,0,4,2,0,0.333333333,1.125,36,0.990000009536743,0.52999997138977,0.920443868512584,FALSE
"poi","2.5.1","org.apache.poi.poifs.filesystem.POIFSDocumentPath",31.44444444,7,1.8889,294,0,20,9,9,1,10,1,10,0,1,0.311111111,0.25,0,0.990000009536743,0.569999992847443,0.89232375914372,FALSE
"poi","2.5.1","org.apache.poi.poifs.storage.SmallBlockTableWriter",16.83333333,1,0.8333,111,0,22,6,6,1,1,0,7,6,0,0.333333333,0.75,3,0.980000019073486,0.430000007152557,0.89895561827692,FALSE
"poi","2.5.1","org.apache.poi.hssf.record.aggregates.RowRecordsAggregate",20.40909091,7,2.0909,475,0,47,20,22,0,1,5,3,2,1,0.303030303,0.630952381,175,0.990000009536743,0.469999998807907,0.888459533297362,FALSE
"poi","2.5.1","org.apache.poi.hssf.record.formula.AttrPtg",18.04,8,1.32,487,0,39,25,25,0.909090909,2,0,6,4,0,0.18,0.753787879,106,0.97000002861023,0.660000026226044,0.899817231118523,FALSE
"poi","2.5.1","org.apache.poi.util.POILogger",25.46153846,10,1.9615,693,3,42,22,26,0,10,0,11,1,0,0.544871795,1.04,325,0.959999978542328,0.319999992847443,0.842584856963344,TRUE
"poi","2.5.1","org.apache.poi.hpsf.Thumbnail",13.625,1,0.625,129,0,12,7,8,0.083333333,0,0,2,2,0,0.642857143,0.821428571,8,0.980000019073486,0.490000009536743,0.891044388551936,FALSE
"poi","2.5.1","org.apache.poi.ddf.EscherRGBProperty",6.4,1,0.8,37,0,6,5,5,0,3,0,4,1,0,0.466666667,2,0,1,0.479999989271164,0.916840730152304,FALSE
"poi","2.5.1","org.apache.poi.hssf.model.PolygonShape",86.2,4,1.4,439,0,48,2,5,0.666666667,1,1,17,17,1,0.55,0.916666667,6,0.990000009536743,0.479999989271164,0.909112271612058,TRUE
"poi","2.5.1","org.apache.poi.hssf.util.HSSFColor",152.5,1,0.8333,923,48,56,6,6,1,50,0,50,46,0,0.666666667,1.2,15,1,0.469999998807907,0.927597913900804,FALSE
"poi","2.5.1","org.apache.poi.hssf.record.UnicodeString",15.52,6,1.64,419,0,51,20,25,0.833333333,6,6,9,3,2,0.251428571,0.770833333,228,0.949999988079071,0.449999988079071,0.843733679221131,FALSE
"poi","2.5.1","org.apache.poi.util.IOUtils",13.33333333,1,0.6667,43,0,5,2,3,0,3,0,3,0,0,0.5,2,3,0.879999995231628,0.360000014305115,0.669086162866563,TRUE
"poi","2.5.1","org.apache.poi.hssf.record.formula.NumberPtg",6.5,1,0.7,78,0,18,9,10,0.333333333,2,2,4,3,1,0.283333333,0.851851852,39,0.990000009536743,0.620000004768372,0.915169716970728,FALSE
"poi","2.5.1","org.apache.poi.poifs.storage.RawDataBlock",24.33333333,1,0.6667,78,0,10,3,3,1,5,0,7,2,0,0.666666667,0.25,0,0.990000009536743,0.5,0.918694516697378,FALSE
"poi","2.5.1","org.apache.poi.util.ShortField",7.181818182,1,0.6364,92,0,21,11,11,1,2,0,5,3,0,0.454545455,0.25,9,0.990000009536743,0.449999988079071,0.863107048033423,FALSE
"poi","2.5.1","org.apache.poi.ddf.EscherSpRecord",24.33333333,13,1.9167,320,0,33,11,12,0.125,7,5,12,5,1,0.35,1.034090909,32,1,0.569999992847443,0.937310711677641,FALSE
"poi","2.5.1","org.apache.poi.poifs.common.POIFSConstants",0,0,0,4,0,0,0,0,0,0,0,0,0,0,0,2,0,0.980000019073486,0.379999995231628,0.89127937651801,FALSE
"poi","2.5.1","org.apache.poi.hssf.record.IterationRecord",9.416666667,2,1,127,0,22,10,12,0.5,2,6,5,3,1,0.4,0.818181818,46,0.990000009536743,0.620000004768372,0.921462146638268,FALSE
"poi","2.5.1","org.apache.poi.util.DrawingDump",12.5,1,0.5,27,0,8,2,2,0,0,0,3,3,0,0.5,2,1,0.990000009536743,0.46000000834465,0.900026111394245,FALSE
"poi","2.5.1","org.apache.poi.poifs.storage.PropertyBlock",25.5,3,1.25,108,0,11,2,4,1,1,1,5,4,1,0.4,0.833333333,4,0.990000009536743,0.379999995231628,0.871488251978673,FALSE
"poi","2.5.1","org.apache.poi.hssf.record.formula.DividePtg",5.888888889,1,0.7778,64,0,13,9,9,0,2,0,4,2,0,0.333333333,1.125,36,0.990000009536743,0.5,0.928355094969428,FALSE
"poi","2.5.1","org.apache.poi.hssf.record.SSTDeserializer",27.60869565,8,2.3043,668,0,46,4,23,1,1,0,5,4,0,0.267080745,0.659090909,123,0.990000009536743,0.230000004172325,0.701697128832185,FALSE
"poi","2.5.1","org.apache.poi.hpsf.HPSFException",4.6,1,0.2,29,3,7,5,5,1,4,0,4,0,0,0.6,0.5,4,0.980000019073486,0.239999994635582,0.711253263970579,FALSE
"poi","2.5.1","org.apache.poi.hpsf.HPSFRuntimeException",4.6,1,0.2,29,2,7,5,5,1,5,0,5,0,0,0.6,0.5,4,0.980000019073486,0.319999992847443,0.732114881588336,FALSE
"poi","2.5.1","org.apache.poi.hssf.record.BoundSheetRecord",15.8,10,1.5,342,0,40,18,20,0.833333333,3,6,7,4,1,0.3,0.798245614,142,1,0.5799999833107,0.925953008487393,FALSE
"poi","2.5.1","org.apache.poi.hssf.record.BottomMarginRecord",9,2,0.8333,122,0,23,10,12,0.5,2,6,6,4,1,0.4,0.818181818,46,1,0.550000011920929,0.932036560135784,TRUE
"poi","2.5.1","org.apache.poi.hssf.eventusermodel.AbortableHSSFListener",1.333333333,1,0.6667,7,0,4,3,3,0,1,0,4,3,0,0.833333333,2,3,0.980000019073486,0.519999980926514,0.895456921960915,TRUE
"poi","2.5.1","org.apache.poi.hssf.record.MergeCellsRecord",23.46666667,2,1.2667,369,0,39,13,15,0.5,3,6,6,4,1,0.516666667,0.75,49,0.990000009536743,0.560000002384186,0.929817237990955,FALSE
"poi","2.5.1","org.apache.poi.hssf.record.ExternSheetSubRecord",8.266666667,1,0.8,143,0,25,13,15,0.75,2,6,4,2,1,0.483333333,0.803571429,87,1,0.589999973773956,0.91428199013593,FALSE
"poi","2.5.1","org.apache.poi.hssf.record.WindowProtectRecord",9.454545455,2,1,117,0,21,9,11,0.5,2,6,5,3,1,0.418181818,0.85,43,1,0.5799999833107,0.931697132848884,TRUE
"poi","2.5.1","org.apache.poi.hssf.record.SelectionRecord",13.95,2,0.9,306,0,31,18,20,0.857142857,2,6,5,3,1,0.36,0.827067669,138,0.990000009536743,0.540000021457672,0.922532642634668,FALSE
"poi","2.5.1","org.apache.poi.hssf.model.SimpleFilledShape",27.5,3,1.1667,173,0,36,2,6,1,1,1,12,12,1,0.541666667,0.8,11,0.959999978542328,0.330000013113022,0.834804177362054,TRUE
"poi","2.5.1","org.apache.poi.util.POILogFactory",12.5,2,0.75,55,0,15,2,4,1,6,0,8,2,0,0.333333333,0.333333333,4,0.980000019073486,0.349999994039536,0.815300258037004,TRUE
"poi","2.5.1","org.apache.poi.ddf.EscherDump",396.8888889,3,1.3333,3581,0,45,5,9,0,1,0,8,8,0,0.296296296,2,36,1,0.550000011920929,0.933812015517262,FALSE
"poi","2.5.1","org.apache.poi.hssf.record.ExtendedFormatRecord",13.46875,3,0.9896,1478,0,117,93,96,0.483146067,5,6,9,4,1,0.313684211,0.981194559,3214,0.990000009536743,0.560000002384186,0.898250655312451,TRUE
"poi","2.5.1","org.apache.poi.hssf.record.formula.ConcatPtg",5.333333333,1,0.7778,60,0,13,9,9,0.333333333,2,0,4,2,0,0.333333333,1.125,36,0.980000019073486,0.5,0.905874673909369,TRUE
"poi","2.5.1","org.apache.poi.hssf.record.formula.GreaterEqualPtg",5.666666667,1,0.7778,62,0,13,9,9,0,2,0,4,2,0,0.333333333,1.125,36,1,0.52999997138977,0.919242822314678,FALSE
"poi","2.5.1","org.apache.poi.hssf.record.DataFormatRecord",16.1,2,0.9,348,0,37,18,20,0.833333333,1,6,6,5,1,0.36,0.763157895,88,0.980000019073486,0.439999997615814,0.868015667321477,FALSE
"poi","2.5.1","org.apache.poi.hpsf.NoSingleSectionException",4,0,0,20,0,8,4,4,0,1,0,2,1,0,0.666666667,2,6,0.980000019073486,0.159999996423721,0.650809399258375,FALSE
"poi","2.5.1","org.apache.poi.poifs.storage.RawDataBlockList",9,1,0.8,50,0,16,5,5,0,4,0,8,4,0,0.5,2,10,0.990000009536743,0.560000002384186,0.93219321577107,TRUE
"poi","2.5.1","org.apache.poi.hssf.usermodel.HSSFSimpleShape",5,1,0.6667,22,1,4,2,3,0,8,0,10,2,0,0.5,1.125,0,0.990000009536743,0.52999997138977,0.930574417114258,FALSE
"poi","2.5.1","org.apache.poi.hssf.record.ExternSheetRecord",15.14285714,2,1.0714,229,0,33,12,14,0.666666667,2,6,6,4,1,0.4,0.743589744,65,1,0.5799999833107,0.908929508908922,FALSE
"poi","2.5.1","org.apache.poi.hssf.usermodel.HSSFShape",6.705882353,4,1.1176,152,3,19,16,17,0,11,0,14,3,0,0.317647059,0.994047619,84,1,0.519999980926514,0.933603137653739,FALSE
"poi","2.5.1","org.apache.poi.util.HexDump",46.30769231,10,1.8462,618,0,35,8,13,0.666666667,63,0,63,0,0,0.212962963,0.333333333,60,0.990000009536743,0.479999989271164,0.895091386205534,FALSE
"poi","2.5.1","org.apache.poi.hssf.record.formula.UnaryPlusPtg",4.6,1,0.8,59,0,14,10,10,0.333333333,2,0,4,2,0,0.32,1.111111111,45,1,0.550000011920929,0.92031331862233,FALSE
"poi","2.5.1","org.apache.poi.hssf.record.DrawingRecord",10.27272727,3,1.2727,126,0,17,8,11,0.5,2,5,5,3,1,0.568181818,0.8,25,1,0.540000021457672,0.928381205694482,FALSE
"poi","2.5.1","org.apache.poi.hssf.record.RecordFactory",104.7142857,8,2,743,0,56,5,7,1,4,0,15,11,0,0.166666667,0.722222222,9,0.980000019073486,0.46000000834465,0.882689297121436,FALSE
"poi","2.5.1","org.apache.poi.hssf.usermodel.HSSFTextbox",4.454545455,1,0.9091,66,0,14,11,11,0,5,0,9,4,0,0.327272727,0.916666667,41,1,0.52999997138977,0.933681465471382,FALSE
"poi","2.5.1","org.apache.poi.hssf.record.aggregates.ValueRecordsAggregate",14.78571429,9,2,225,0,34,12,14,0,1,5,8,7,1,0.285714286,0.711538462,41,0.990000009536743,0.5,0.91762402350224,FALSE
"poi","2.5.1","org.apache.poi.hssf.record.PaletteRecord",92.15384615,4,1.3846,1216,0,32,11,13,0.4,4,6,8,4,1,0.415384615,0.933333333,52,1,0.550000011920929,0.934934732341268,FALSE
"poi","2.5.1","org.apache.poi.hssf.usermodel.HSSFClientAnchor",23,4,1.5625,388,0,30,14,16,0,4,1,7,3,1,0.3625,0.7,54,0.990000009536743,0.430000007152557,0.916631854234103,FALSE
"poi","2.5.1","org.apache.poi.hssf.record.formula.ControlPtg",3,0,0,4,1,2,1,1,0,1,0,2,1,0,1,2,0,0.980000019073486,0.5799999833107,0.912062661766072,FALSE
"poi","2.5.1","org.apache.poi.hssf.record.PlotGrowthRecord",12.71428571,2,0.8571,195,0,27,12,14,0.666666667,1,6,5,4,1,0.482142857,0.769230769,57,1,0.560000002384186,0.934099221665305,FALSE
"poi","2.5.1","org.apache.poi.hpsf.IllegalPropertySetDataException",4,0,0,20,0,8,4,4,0,0,0,1,1,0,0.666666667,2,6,0.980000019073486,0.419999986886978,0.814490861432048,FALSE
"poi","2.5.1","org.apache.poi.poifs.property.RootProperty",8,1,0.3333,27,0,10,1,3,0,6,1,8,2,1,0.666666667,2,3,0.97000002861023,0.400000005960464,0.811305481989141,FALSE
"poi","2.5.1","org.apache.poi.hssf.record.aggregates.ColumnInfoRecordsAggregate",37.36,23,3.6,961,0,67,22,25,0,1,5,3,2,1,0.244444444,0.5,22,0.990000009536743,0.5,0.911279370205832,FALSE
"poi","2.5.1","org.apache.poi.poifs.storage.SmallDocumentBlockList",5.4,1,0.8,32,0,12,5,5,0,1,0,5,4,0,0.5,2,10,0.990000009536743,0.569999992847443,0.914073110871776,FALSE
"poi","2.5.1","org.apache.poi.hpsf.TypeReader",114.5,17,8.5,231,0,16,2,2,0,1,0,3,2,0,0.5,2,1,0.910000026226044,0.300000011920929,0.719242820696171,TRUE
"poi","2.5.1","org.apache.poi.hssf.util.AreaReference",28.4,2,1.2,149,0,21,4,5,1,2,0,3,1,0,0.7,0.5,0,0.959999978542328,0.509999990463257,0.790548302330485,FALSE
"poi","2.5.1","org.apache.poi.hssf.record.BarRecord",16.54166667,2,0.9167,429,0,41,22,24,0.875,1,6,6,5,1,0.35,0.75,38,1,0.600000023841858,0.930913844245532,FALSE
"poi","2.5.1","org.apache.poi.hssf.record.BackupRecord",8.454545455,2,0.8182,106,0,21,9,11,0.5,3,6,6,3,1,0.522727273,0.85,49,1,0.5799999833107,0.933420370515271,TRUE
"poi","2.5.1","org.apache.poi.hssf.usermodel.HSSFShapeContainer",0,1,1,1,0,1,1,1,0,3,0,3,0,0,1,2,0,0.990000009536743,0.400000005960464,0.890548303840055,FALSE
"poi","2.5.1","org.apache.poi.hssf.record.LineFormatRecord",17.57692308,2,0.9231,505,0,46,24,26,0.363636364,1,6,6,5,1,0.346153846,0.936363636,117,1,0.560000002384186,0.92537859463505,TRUE
"poi","2.5.1","org.apache.poi.hssf.record.DefaultDataLabelTextPropertiesRecord",10.58333333,2,0.8333,144,0,24,10,12,0.2,1,6,5,4,1,0.5,0.981818182,46,0.990000009536743,0.509999990463257,0.920026113563667,TRUE
"poi","2.5.1","org.apache.poi.hssf.record.RKRecord",15.375,6,1.4583,402,0,50,22,24,0.444444444,3,5,9,6,1,0.284722222,0.90821256,244,1,0.589999973773956,0.935953007665689,FALSE
"poi","2.5.1","org.apache.poi.hssf.eventmodel.ListenerWrapper",22,5,2.5,49,0,5,1,2,1,1,0,3,2,0,0.6,0,0,0.949999988079071,0.419999986886978,0.833524803424317,FALSE
"poi","2.5.1","org.apache.poi.hssf.record.EndSubRecord",7.5,2,0.8,86,0,18,8,10,0,6,6,8,3,1,0.525,1.111111111,45,1,0.560000002384186,0.930992173619432,FALSE
"poi","2.5.1","org.apache.poi.hssf.record.SeriesListRecord",10.75,2,0.8333,143,0,24,10,12,0.5,1,6,4,3,1,0.4,0.772727273,36,1,0.52999997138977,0.906344649530266,FALSE
"poi","2.5.1","org.apache.poi.hssf.record.formula.AbstractFunctionPtg",614.5625,5,1.1875,9857,2,31,11,16,0.75,3,0,6,3,0,0.19047619,0.933333333,102,0.980000019073486,0.550000011920929,0.886814625705191,FALSE
"poi","2.5.1","org.apache.poi.ddf.EscherRecordFactory",0,1,1,1,0,1,1,1,0,19,0,19,1,0,1,2,0,0.990000009536743,0.509999990463257,0.911070496699829,FALSE
"poi","2.5.1","org.apache.poi.hssf.record.AxisRecord",16.55,2,0.9,360,0,35,18,20,0.555555556,1,6,5,4,1,0.45,0.877192982,114,1,0.589999973773956,0.918067887931206,FALSE
"poi","2.5.1","org.apache.poi.poifs.filesystem.POIFSFileSystem",25.94117647,2,1.1176,461,0,95,13,17,1,10,0,37,28,0,0.14479638,0.354166667,106,0.990000009536743,0.509999990463257,0.910078328521071,FALSE
"poi","2.5.1","org.apache.poi.hssf.record.ExtSSTInfoSubRecord",9.615384615,1,0.7692,143,0,24,11,13,0.6,1,6,3,2,1,0.5,0.883333333,64,1,0.5799999833107,0.922976506596757,FALSE
"poi","2.5.1","org.apache.poi.poifs.filesystem.DirectoryNode",15.2,3,1.15,327,0,65,15,20,1,3,1,14,14,1,0.154545455,0.649122807,94,0.959999978542328,0.430000007152557,0.835926893485744,FALSE
"poi","2.5.1","org.apache.poi.hssf.usermodel.HSSFChildAnchor",8.2,2,1,46,0,7,5,5,0,4,1,5,1,1,0.7,2,6,1,0.490000009536743,0.928120108715237,TRUE
"poi","2.5.1","org.apache.poi.dev.RecordGenerator",104,1,0.6667,315,0,30,2,3,0,0,0,1,1,0,0.333333333,2,3,0.949999988079071,0.490000009536743,0.861096604997122,FALSE
"poi","2.5.1","org.apache.poi.hssf.record.LeftMarginRecord",9,2,0.8333,122,0,23,10,12,0.5,2,6,6,4,1,0.4,0.818181818,46,1,0.569999992847443,0.935195829009263,FALSE
"poi","2.5.1","org.apache.poi.ddf.NullEscherSerializationListener",1.666666667,1,0.6667,8,0,4,3,3,0,2,0,3,2,0,0.75,2,3,0.990000009536743,0.379999995231628,0.857806785144009,FALSE
"poi","2.5.1","org.apache.poi.hssf.record.formula.SubtractPtg",5.333333333,1,0.7778,59,0,13,9,9,0,2,0,4,2,0,0.333333333,1.125,36,0.990000009536743,0.479999989271164,0.923785899155445,FALSE
"poi","2.5.1","org.apache.poi.hssf.record.PlotAreaRecord",7.6,2,0.8,87,0,18,8,10,0,1,6,4,3,1,0.525,1.111111111,45,1,0.560000002384186,0.936161886462966,FALSE
"poi","2.5.1","org.apache.poi.poifs.filesystem.POIFSDocument",27.0625,6,1.0625,453,0,55,14,16,1,9,0,20,14,0,0.198863636,0.5,0,0.990000009536743,0.560000002384186,0.896449087182784,TRUE
"poi","2.5.1","org.apache.poi.hssf.record.CellValueRecordInterface",0,1,1,10,0,10,10,10,0,13,0,13,0,0,0.4,2,45,0.990000009536743,0.550000011920929,0.926161883394027,TRUE
"poi","2.5.1","org.apache.poi.hssf.record.InterfaceEndRecord",6.888888889,2,0.7778,72,0,17,7,9,0,2,6,5,3,1,0.555555556,1.125,36,1,0.589999973773956,0.927258488714851,FALSE
"poi","2.5.1","org.apache.poi.hssf.record.AxisParentRecord",16.55,2,0.9,359,0,35,18,20,0.625,1,6,5,4,1,0.45,0.855263158,114,1,0.620000004768372,0.911801568366218,FALSE
"poi","2.5.1","org.apache.poi.hssf.eventmodel.ModelFactoryListener",0,1,1,1,0,1,1,1,0,1,0,2,1,0,1,2,0,0.949999988079071,0.409999996423721,0.82394255841681,FALSE
"poi","2.5.1","org.apache.poi.poifs.storage.ListManagedBlock",0,1,1,1,0,1,1,1,0,13,0,13,0,0,1,2,0,0.97000002861023,0.449999988079071,0.892924283565491,FALSE
"poi","2.5.1","org.apache.poi.hssf.record.UnknownRecord",15.18181818,3,1,180,0,22,8,11,1,7,6,10,3,1,0.545454545,0.35,0,1,0.560000002384186,0.919060056109964,FALSE
"poi","2.5.1","org.apache.poi.ddf.EscherSerializationListener",0,1,1,2,0,2,2,2,0,19,0,19,1,0,1,2,1,0.990000009536743,0.400000005960464,0.867545693490275,TRUE
"poi","2.5.1","org.apache.poi.hssf.record.AxisUsedRecord",10.58333333,2,0.8333,141,0,24,10,12,0.5,1,6,5,4,1,0.5,0.818181818,46,1,0.5799999833107,0.915117494898116,FALSE
"poi","2.5.1","org.apache.poi.hpsf.SummaryInformation",5.684210526,1,0.9474,128,0,29,19,19,0,1,0,4,3,0,0.526315789,1.055555556,171,0.97000002861023,0.469999998807907,0.900208879777719,TRUE
"poi","2.5.1","org.apache.poi.poifs.eventfilesystem.POIFSReaderListener",0,1,1,1,0,1,1,1,0,3,0,4,1,0,1,2,0,0.990000009536743,0.46000000834465,0.920966058191369,FALSE
"poi","2.5.1","org.apache.poi.hssf.record.ChartRecord",15.55555556,2,0.8889,303,0,31,16,18,0.8,1,6,5,4,1,0.458333333,0.776470588,91,0.990000009536743,0.5799999833107,0.905822456038652,FALSE
"poi","2.5.1","org.apache.poi.hssf.record.VCenterRecord",9.5,2,1,128,0,22,10,12,0.5,3,6,6,3,1,0.4,0.818181818,46,1,0.620000004768372,0.933263713323728,FALSE
"poi","2.5.1","org.apache.poi.hssf.util.RKUtil",18.5,3,1.5,39,0,4,1,2,0,2,0,2,0,0,0.5,2,1,0.949999988079071,0.479999989271164,0.812193210146757,FALSE
"poi","2.5.1","org.apache.poi.ddf.EscherContainerRecord",31.63636364,3,1.8182,366,0,46,11,11,0.142857143,8,6,14,6,1,0.222222222,0.957142857,25,1,0.560000002384186,0.939608363040745,FALSE
"poi","2.5.1","org.apache.poi.hssf.record.FontRecord",14.26315789,3,1,604,0,56,35,38,0.625,4,6,9,5,1,0.239382239,0.938063063,511,1,0.600000023841858,0.929242825072366,FALSE
"poi","2.5.1","org.apache.poi.hssf.record.SeriesIndexRecord",10.58333333,2,0.8333,141,0,24,10,12,0.5,1,6,5,4,1,0.5,0.818181818,46,0.990000009536743,0.519999980926514,0.907336814907761,FALSE
"poi","2.5.1","org.apache.poi.util.BitField",8.333333333,2,1.2222,170,0,19,18,18,1,34,0,34,0,0,0.433333333,0.382352941,107,0.980000019073486,0.479999989271164,0.834804178918311,FALSE
"poi","2.5.1","org.apache.poi.util.BlockingInputStream",7.5,1,0.9,86,0,19,10,10,1,0,2,0,0,1,0.32,0,0,0.97000002861023,0.330000013113022,0.836005220680884,TRUE
"poi","2.5.1","org.apache.poi.hssf.record.AreaFormatRecord",17.92307692,2,0.9231,501,0,46,24,26,0.888888889,1,6,6,5,1,0.346153846,0.8,153,0.990000009536743,0.560000002384186,0.922010449298679,FALSE
"poi","2.5.1","org.apache.poi.hssf.record.UseSelFSRecord",8.454545455,2,0.8182,108,0,21,9,11,0.25,2,6,5,3,1,0.522727273,0.975,49,1,0.589999973773956,0.93180157216971,FALSE
"poi","2.5.1","org.apache.poi.hssf.model.Workbook",38.90697674,35,2.2209,3446,0,300,48,86,1,45,0,98,54,0,0.167320261,0.914285714,2749,0.980000019073486,0.519999980926514,0.882872062625835,FALSE
"poi","2.5.1","org.apache.poi.hpsf.Util",22,4,2,139,0,8,6,6,0,2,0,2,0,0,0.333333333,1.2,15,0.879999995231628,0.46000000834465,0.732663185571566,FALSE
"poi","2.5.1","org.apache.poi.hssf.record.formula.LessThanPtg",5.4,1,0.8,67,0,14,10,10,0.333333333,2,0,4,2,0,0.32,1.111111111,45,1,0.560000002384186,0.915509140522611,FALSE
"poi","2.5.1","org.apache.poi.util.NullLogger",1.130434783,1,0.9565,49,0,24,23,23,0,1,2,2,1,1,0.669565217,2,253,0.930000007152557,0.330000013113022,0.722245430666224,FALSE
"poi","2.5.1","org.apache.poi.hpsf.NoPropertySetStreamException",4,0,0,20,0,8,4,4,0,2,0,3,1,0,0.666666667,2,6,0.990000009536743,0.340000003576279,0.797702348574646,TRUE
"poi","2.5.1","org.apache.poi.ddf.EscherBlipRecord",17.6875,1,0.9688,614,0,64,32,32,0.8125,1,5,7,6,1,0.265625,0.909274194,312,1,0.5799999833107,0.936318544588263,FALSE
"poi","2.5.1","org.apache.poi.hssf.record.HideObjRecord",8.454545455,2,0.8182,109,0,21,9,11,0.2,2,6,5,3,1,0.522727273,1,49,1,0.569999992847443,0.927180161364085,FALSE
"poi","2.5.1","org.apache.poi.hssf.record.DefaultRowHeightRecord",9.857142857,2,0.8571,155,0,24,12,14,0.666666667,2,6,5,3,1,0.482142857,0.769230769,69,1,0.509999990463257,0.892010443204377,TRUE
"poi","2.5.1","org.apache.poi.poifs.filesystem.EntryNode",5.9,3,1.3,71,2,14,6,10,1,3,0,6,4,0,0.325,0.611111111,19,0.949999988079071,0.479999989271164,0.838015666440635,TRUE
"poi","2.5.1","org.apache.poi.hssf.record.formula.IntPtg",7.4,1,0.7,89,0,18,9,10,0.6,2,2,4,3,1,0.283333333,0.866666667,33,0.980000019073486,0.52999997138977,0.900861619813635,FALSE
"poi","2.5.1","org.apache.poi.hssf.util.SheetReferences",9.333333333,1,0.6667,32,0,8,3,3,0,3,0,3,0,0,0.666666667,0,0,0.97000002861023,0.5799999833107,0.855509135959665,FALSE
"poi","2.5.1","org.apache.poi.hssf.record.FormulaRecord",22.08108108,7,1.8919,866,0,80,32,37,0.833333333,6,6,12,6,1,0.219594595,0.863425926,470,1,0.560000002384186,0.928746742617057,TRUE
"poi","2.5.1","org.apache.poi.util.ByteField",6.909090909,1,0.6364,90,0,15,11,11,1,1,0,4,3,0,0.454545455,0.533333333,21,0.980000019073486,0.439999997615814,0.8085639669752,FALSE
"poi","2.5.1","org.apache.poi.hssf.usermodel.EscherGraphics2d",9.3875,3,1.1375,838,0,153,72,80,1,0,20,3,3,2,0.07962963,0.839059675,3060,1,0.52999997138977,0.934725854477745,FALSE
"poi","2.5.1","org.apache.poi.hpsf.wellknown.PropertyIDMap",40.66666667,2,1.1667,287,0,15,6,6,0.054054054,1,2,1,0,1,0.3,1.178378378,15,0.990000009536743,0.389999985694885,0.845900781005232,FALSE
"poi","2.5.1","org.apache.poi.hssf.record.NumberFormatIndexRecord",10.58333333,2,0.8333,141,0,24,10,12,0.5,0,6,4,4,1,0.5,0.818181818,46,0.990000009536743,0.610000014305115,0.91686684609082,FALSE
"poi","2.5.1","org.apache.poi.hssf.record.SSTRecordHeader",19,1,0.5,42,0,5,2,2,0,2,0,3,1,0,0.833333333,0,0,0.980000019073486,0.349999994039536,0.873942560144255,FALSE
"poi","2.5.1","org.apache.poi.poifs.storage.BlockList",0,1,1,4,0,4,4,4,0,5,0,6,2,0,0.666666667,2,6,0.990000009536743,0.46000000834465,0.890156657904309,FALSE
"poi","2.5.1","org.apache.poi.hssf.record.SeriesRecord",17.36363636,2,0.9091,423,0,34,20,22,0.315789474,1,6,5,4,1,0.443181818,0.957393484,141,1,0.519999980926514,0.912506530863809,FALSE
"poi","2.5.1","org.apache.poi.poifs.property.PropertyFactory",40,1,0.5,82,0,10,0,2,0,1,0,5,4,0,0.5,2,1,0.980000019073486,0.270000010728836,0.753707568888253,TRUE
"poi","2.5.1","org.apache.poi.hssf.record.formula.NameXPtg",11.125,1,0.625,102,0,12,7,8,0.8,1,2,3,3,1,0.35,0.885714286,22,1,0.519999980926514,0.919321151377327,TRUE
"poi","2.5.1","org.apache.poi.hssf.usermodel.HSSFPolygon",7.625,2,1,73,0,9,6,8,0,5,0,7,2,0,0.325,0.785714286,14,1,0.519999980926514,0.93511749792348,FALSE
"poi","2.5.1","org.apache.poi.hssf.model.FormulaParser",33.14814815,14,3.1667,1861,0,141,7,54,0.705882353,3,0,33,30,0,0.174004193,0.766925638,651,0.959999978542328,0.419999986886978,0.845091386267784,FALSE
"poi","2.5.1","org.apache.poi.hssf.record.AreaRecord",14.05555556,2,0.8889,276,0,35,16,18,0.8,1,6,6,5,1,0.366666667,0.670588235,1,0.990000009536743,0.589999973773956,0.935848572391132,FALSE
"poi","2.5.1","org.apache.poi.hpsf.ClassID",40.375,6,2.125,333,0,19,8,8,0.5,7,0,8,1,0,0.46875,0.642857143,0,0.889999985694885,0.310000002384186,0.697597910389888,TRUE
"poi","2.5.1","org.apache.poi.poifs.filesystem.POIFSWriterListener",0,1,1,1,0,1,1,1,0,6,0,7,1,0,1,2,0,0.990000009536743,0.439999997615814,0.909503916691862,TRUE
"poi","2.5.1","org.apache.poi.hssf.record.CategorySeriesAxisRecord",16.91666667,2,0.9167,438,0,41,22,24,0.875,1,6,6,5,1,0.35,0.766304348,82,0.97000002861023,0.509999990463257,0.893916447853606,FALSE
"poi","2.5.1","org.apache.poi.hssf.dev.EFBiffViewer",19.25,3,1.25,82,0,16,4,4,0,1,0,6,6,0,0.416666667,0.333333333,4,0.990000009536743,0.389999985694885,0.878407310412385,FALSE
"poi","2.5.1","org.apache.poi.hssf.record.WriteAccessRecord",12.81818182,2,0.9091,154,0,29,9,11,0.5,2,6,7,5,1,0.418181818,0.85,43,1,0.550000011920929,0.914673634204167,FALSE
"poi","2.5.1","org.apache.poi.hssf.record.PrecisionRecord",9.454545455,2,1,117,0,21,9,11,0,2,6,5,3,1,0.418181818,0.85,43,0.990000009536743,0.540000021457672,0.926083556043261,FALSE
"poi","2.5.1","org.apache.poi.hssf.record.CodepageRecord",8.454545455,2,0.8182,107,0,21,9,11,0.333333333,2,6,5,3,1,0.522727273,0.933333333,49,1,0.589999973773956,0.933550919316145,TRUE
"poi","2.5.1","org.apache.poi.hssf.record.TextObjectBaseRecord",19.36842105,2,0.9474,801,1,60,36,38,0.518518519,1,6,6,5,1,0.331578947,0.924924925,255,1,0.600000023841858,0.918537863396478,FALSE
"poi","2.5.1","org.apache.poi.hssf.usermodel.EscherGraphics",20.04255319,7,1.5319,997,0,101,41,47,1,1,18,15,14,2,0.185618729,0.836956522,665,1,0.52999997138977,0.932036558423901,FALSE
"poi","2.5.1","org.apache.poi.hssf.record.formula.FuncVarPtg",18.875,1,0.625,161,0,19,7,8,0.5,2,5,4,2,1,0.35,1.142857143,0,1,0.550000011920929,0.872297649750822,FALSE
"poi","2.5.1","org.apache.poi.util.ShortList",24.04,9,2.6,629,0,29,24,25,1,0,1,0,0,1,0.313333333,0.388888889,0,0.97000002861023,0.5,0.896422977235859,FALSE
"poi","2.5.1","org.apache.poi.hssf.record.formula.ParenthesisPtg",4,1,0.8,52,0,14,10,10,0.5,2,0,4,2,0,0.32,1.111111111,45,0.990000009536743,0.610000014305115,0.917075721308706,FALSE
"poi","2.5.1","org.apache.poi.poifs.storage.SmallBlockTableReader",11,1,0.5,24,0,8,2,2,0,2,0,9,7,0,0.5,2,1,0.990000009536743,0.430000007152557,0.901775458462867,FALSE
"poi","2.5.1","org.apache.poi.hssf.record.HCenterRecord",9.5,2,1,128,0,22,10,12,0.5,3,6,6,3,1,0.4,0.818181818,46,1,0.5799999833107,0.930574416647381,FALSE
"poi","2.5.1","org.apache.poi.hssf.record.TextObjectRecord",48.38461538,4,1.5385,644,0,65,9,13,0,3,5,10,7,3,0.369230769,0.375,0,1,0.560000002384186,0.909138386149942,FALSE
"poi","2.5.1","org.apache.poi.util.IntList",24.04,9,2.6,629,0,29,24,25,1,4,1,4,0,1,0.36,0.388888889,0,0.910000026226044,0.430000007152557,0.757154046244161,TRUE
"poi","2.5.1","org.apache.poi.hssf.record.BookBoolRecord",8.454545455,2,0.8182,106,0,21,9,11,0.5,2,6,5,3,1,0.522727273,0.85,43,1,0.5799999833107,0.920574416690956,TRUE
"poi","2.5.1","org.apache.poi.poifs.filesystem.DirectoryEntry",0,1,1,9,0,9,9,9,0,5,0,8,4,0,0.314814815,2,36,0.939999997615814,0.25,0.79180156616567,TRUE
"poi","2.5.1","org.apache.poi.hssf.usermodel.HSSFCellStyle",6.523809524,5,1.0952,361,0,89,41,42,0.066666667,4,0,6,2,0,0.304761905,1,0,0.990000009536743,0.52999997138977,0.925665799538087,TRUE
"poi","2.5.1","org.apache.poi.hssf.eventmodel.ERFListener",0,1,1,1,0,1,1,1,0,3,0,4,1,0,1,2,0,0.980000019073486,0.379999995231628,0.830757179163766,TRUE
"poi","2.5.1","org.apache.poi.hssf.record.SupBookRecord",9.615384615,2,0.8462,141,0,24,11,13,0.666666667,2,6,5,3,1,0.5,0.777777778,56,1,0.540000021457672,0.93208877987401,TRUE
"poi","2.5.1","org.apache.poi.hssf.record.TopMarginRecord",9,2,0.8333,122,0,23,10,12,0.5,2,6,6,4,1,0.4,0.818181818,46,1,0.550000011920929,0.933054836393959,FALSE
"poi","2.5.1","org.apache.poi.hssf.record.formula.BoolPtg",7.3,2,0.9,87,0,12,9,10,0.5,2,2,3,2,1,0.283333333,0.916666667,3,0.990000009536743,0.589999973773956,0.911383810460412,FALSE
"poi","2.5.1","org.apache.poi.hssf.usermodel.FontDetails",31,8,2.4444,291,0,32,8,9,1,2,0,2,0,0,0.301587302,0.625,20,0.949999988079071,0.449999988079071,0.821879894630716,FALSE
"poi","2.5.1","org.apache.poi.hssf.record.DSFRecord",8.454545455,2,0.8182,106,0,21,9,11,0.5,2,6,5,3,1,0.522727273,0.85,49,1,0.569999992847443,0.92691906469609,FALSE
"poi","2.5.1","org.apache.poi.ddf.EscherOptRecord",21.16666667,3,1.25,269,0,49,11,12,0.333333333,8,5,15,8,1,0.277777778,0.757575758,0,1,0.589999973773956,0.934151441559157,FALSE
"poi","2.5.1","org.apache.poi.hssf.record.AxisLineFormatRecord",10.58333333,2,0.8333,145,0,24,10,12,0.166666667,1,6,5,4,1,0.5,1,46,0.990000009536743,0.589999973773956,0.914386423542979,FALSE
"poi","2.5.1","org.apache.poi.hssf.record.BoolErrRecord",15.63333333,8,2.0667,505,0,50,28,30,0.833333333,2,6,6,4,1,0.216666667,0.775862069,327,1,0.569999992847443,0.913681466492287,FALSE
"poi","2.5.1","org.apache.poi.hssf.record.FrameRecord",14.55555556,2,0.8889,287,0,35,16,18,0.571428571,1,6,6,5,1,0.366666667,0.806722689,37,1,0.569999992847443,0.927754574282674,FALSE
"poi","2.5.1","org.apache.poi.poifs.eventfilesystem.POIFSReader",39,6,1.8571,282,0,51,6,7,1,0,0,17,17,0,0.303571429,0.083333333,3,0.990000009536743,0.430000007152557,0.895091384882715,FALSE
"poi","2.5.1","org.apache.poi.hssf.record.formula.PowerPtg",5.666666667,1,0.7778,62,0,13,9,9,0,2,0,4,2,0,0.333333333,1.125,36,1,0.479999989271164,0.933916455849655,TRUE
"poi","2.5.1","org.apache.poi.poifs.dev.POIFSViewEngine",35.25,3,1.25,146,0,24,2,4,1,1,0,2,1,0,0.466666667,0.333333333,4,0.980000019073486,0.46000000834465,0.91872062625524,FALSE
"poi","2.5.1","org.apache.poi.hssf.record.RightMarginRecord",9,2,0.8333,122,0,23,10,12,0.5,2,6,6,4,1,0.4,0.818181818,46,1,0.550000011920929,0.938407318087844,FALSE
"poi","2.5.1","org.apache.poi.hssf.record.SSTRecord",18.08,6,1.52,490,0,74,20,25,0.384615385,3,7,13,10,2,0.262857143,0.897435897,94,1,0.5,0.932558754249901,FALSE
"poi","2.5.1","org.apache.poi.hssf.dev.EFHSSF",39.5,10,2.6667,247,0,45,6,6,0,1,0,17,17,0,0.375,0.55,5,0.990000009536743,0.5,0.911253263993923,TRUE
"poi","2.5.1","org.apache.poi.hssf.record.SSTSerializer",28.16666667,9,2,359,0,35,8,12,0.555555556,2,0,7,6,0,0.319444444,0.727272727,16,0.990000009536743,0.159999996423721,0.624020887961898,FALSE
"poi","2.5.1","org.apache.poi.util.SystemOutLogger",9.75,2,1.25,44,0,12,4,4,1,0,1,1,1,1,0.5,0.666666667,4,0.949999988079071,0.330000013113022,0.817832896354616,FALSE
"poi","2.5.1","org.apache.poi.poifs.filesystem.DocumentOutputStream",9.875,1,0.875,90,0,15,5,8,1,3,1,3,0,1,0.425,0.428571429,4,0.980000019073486,0.360000014305115,0.793890337253053,FALSE
"poi","2.5.1","org.apache.poi.hssf.model.LineShape",34.8,3,1.2,181,0,41,2,5,1,1,1,16,16,1,0.55,0.75,6,0.97000002861023,0.509999990463257,0.876057439933558,TRUE
"poi","2.5.1","org.apache.poi.hssf.record.IndexRecord",16.77777778,2,1.1667,327,0,40,16,18,0,2,6,6,4,1,0.472222222,0.848739496,103,0.980000019073486,0.610000014305115,0.908851173309994,FALSE
"poi","2.5.1","org.apache.poi.hssf.record.WindowTwoRecord",17.14583333,3,1,891,0,64,46,48,0.95,3,6,7,4,1,0.325,0.861702128,162,1,0.569999992847443,0.932167106913524,FALSE
"poi","2.5.1","org.apache.poi.poifs.storage.BlockAllocationTableReader",35.57142857,2,0.7143,257,0,29,1,7,1,7,0,12,6,0,0.514285714,0,1,0.990000009536743,0.469999998807907,0.911044388231347,FALSE
"poi","2.5.1","org.apache.poi.hpsf.UnexpectedPropertySetTypeException",4,0,0,20,0,8,4,4,0,3,0,4,1,0,0.666666667,2,6,0.990000009536743,0.370000004768372,0.810626631928486,FALSE
"poi","2.5.1","org.apache.poi.util.BinaryTree",30.47368421,19,2.5263,1806,0,87,17,57,1,17,7,18,7,1,0.265306122,0.927083333,1362,0.980000019073486,0.490000009536743,0.874125327827414,FALSE
"poi","2.5.1","org.apache.poi.hssf.record.formula.OperationPtg",1,1,0.8,13,18,6,5,5,0,20,0,21,1,0,0.6,1.25,10,0.980000019073486,0.540000021457672,0.884229766637787,FALSE
"poi","2.5.1","org.apache.poi.hssf.eventusermodel.HSSFEventFactory",27.5,1,0.8333,171,0,19,5,6,0,2,0,10,8,0,0.666666667,2,15,0.97000002861023,0.449999988079071,0.869634465044535,TRUE
"poi","2.5.1","org.apache.poi.hssf.record.EndRecord",6.888888889,2,0.7778,72,0,17,7,9,0,1,6,4,3,1,0.555555556,1.125,36,1,0.550000011920929,0.932375985088299,FALSE
"poi","2.5.1","org.apache.poi.hssf.model.WorkbookRecordList",12.46428571,12,1.75,388,0,35,28,28,1,1,0,2,1,0,0.383928571,0.841750842,198,0.990000009536743,0.569999992847443,0.922088776805071,FALSE
"poi","2.5.1","org.apache.poi.hssf.record.PrintSetupRecord",13.44897959,2,0.9388,728,0,66,46,49,0.95,4,6,8,4,1,0.270833333,0.902083333,664,1,0.5799999833107,0.920443868823836,TRUE
"poi","2.5.1","org.apache.poi.hssf.record.SeriesToChartGroupRecord",10.58333333,2,0.8333,141,0,24,10,12,0.5,1,6,5,4,1,0.5,0.818181818,46,1,0.540000021457672,0.916318543119157,FALSE
"poi","2.5.1","org.apache.poi.hssf.record.ProtectionRev4Record",9.363636364,2,1,116,0,21,9,11,0.5,2,6,5,3,1,0.418181818,0.85,43,0.990000009536743,0.550000011920929,0.921436035601962,FALSE
"poi","2.5.1","org.apache.poi.hssf.record.TickRecord",19.84210526,2,0.9474,807,0,61,36,38,0.933333333,1,6,6,5,1,0.276315789,0.854054054,367,1,0.560000002384186,0.935091390155314,FALSE
"poi","2.5.1","org.apache.poi.hssf.record.StyleRecord",16,4,1.2917,418,0,39,21,24,0.7,2,6,7,5,1,0.298611111,0.882608696,204,1,0.569999992847443,0.922428204558848,FALSE
"poi","2.5.1","org.apache.poi.hssf.record.formula.Area3DPtg",20.14705882,8,1.4118,728,0,60,34,34,0.888888889,4,3,10,7,2,0.198529412,0.747474747,187,1,0.540000021457672,0.921879893183397,FALSE
"poi","2.5.1","org.apache.poi.hssf.record.WSBoolRecord",11.70967742,2,0.9032,406,0,44,28,31,0.916666667,3,6,7,4,1,0.283333333,0.863888889,171,1,0.589999973773956,0.926553529952276,FALSE
"poi","2.5.1","org.apache.poi.hssf.record.formula.EqualPtg",5.666666667,1,0.7778,62,0,13,9,9,0,2,0,4,2,0,0.333333333,1.125,36,0.990000009536743,0.540000021457672,0.921201047635888,FALSE
"poi","2.5.1","org.apache.poi.util.IntegerField",6.545454545,1,0.6364,85,0,17,11,11,1,4,0,7,3,0,0.522727273,0.25,9,0.939999997615814,0.469999998807907,0.811723234837111,FALSE
"poi","2.5.1","org.apache.poi.poifs.dev.POIFSViewer",36.33333333,4,2.3333,112,0,21,2,3,0,0,0,2,2,0,0.333333333,2,3,0.990000009536743,0.409999996423721,0.909086163688266,FALSE
"poi","2.5.1","org.apache.poi.hssf.usermodel.StaticFontMetrics",38.66666667,8,2.6667,121,0,24,1,3,1,1,0,2,1,0,0.5,0.75,1,0.939999997615814,0.300000011920929,0.776501305031714,FALSE
"poi","2.5.1","org.apache.poi.hssf.record.PrintGridlinesRecord",9.5,2,1,128,0,22,10,12,0.5,3,6,6,3,1,0.4,0.818181818,46,1,0.5799999833107,0.927075723599516,FALSE
"poi","2.5.1","org.apache.poi.poifs.property.Parent",0,1,1,4,0,4,4,4,0,1,0,3,2,0,0.583333333,2,6,0.9200000166893,0.400000005960464,0.805691905105705,FALSE
"poi","2.5.1","org.apache.poi.poifs.eventfilesystem.POIFSReaderEvent",5.25,1,0.75,28,0,5,3,4,1,3,0,5,2,0,0.4375,0.666666667,0,0.990000009536743,0.52999997138977,0.918798957418835,FALSE
"poi","2.5.1","org.apache.poi.hssf.record.SeriesTextRecord",15.83333333,2,0.8889,308,0,33,16,18,0.8,1,6,6,5,1,0.305555556,0.764705882,81,1,0.52999997138977,0.905718017807206,TRUE
"poi","2.5.1","org.apache.poi.hssf.record.formula.MemFuncPtg",6.1,1,0.8,73,0,13,10,10,0.5,2,2,5,3,1,0.4,0.722222222,3,0.990000009536743,0.52999997138977,0.917180158450772,FALSE
"poi","2.5.1","org.apache.poi.hssf.usermodel.HSSFPalette",27.16666667,5,2.3333,170,0,11,5,6,1,2,0,6,4,0,0.541666667,0,0,1,0.52999997138977,0.937597917203181,FALSE
"poi","2.5.1","org.apache.poi.poifs.property.PropertyTable",17.81818182,3,1.0909,210,0,34,10,11,1,2,0,11,9,0,0.272727273,0.566666667,0,0.97000002861023,0.490000009536743,0.859295041069349,FALSE
"poi","2.5.1","org.apache.poi.ddf.EscherProperties",168.2857143,2,1.2857,1460,0,16,3,7,0.003636364,5,0,6,1,0,0.19047619,1.164242424,9,0.980000019073486,0.569999992847443,0.919295036917256,TRUE
"poi","2.5.1","org.apache.poi.hssf.record.DateWindow1904Record",8.454545455,2,0.8182,106,0,21,9,11,0.5,2,6,5,3,1,0.522727273,0.85,49,0.990000009536743,0.509999990463257,0.93389034426866,FALSE
"poi","2.5.1","org.apache.poi.hssf.record.RkRec",3,0,0,6,0,2,0,1,0,1,0,1,0,0,1,2,0,0.990000009536743,0.469999998807907,0.878433420437123,TRUE
"poi","2.5.1","org.apache.poi.hssf.record.RefreshAllRecord",9.363636364,2,1,116,0,21,9,11,0.5,2,6,5,3,1,0.418181818,0.85,43,1,0.589999973773956,0.935300266773831,FALSE
"poi","2.5.1","org.apache.poi.ddf.EscherComplexProperty",18,4,1.1111,172,1,32,9,9,0,2,1,6,4,1,0.351851852,0.125,0,1,0.479999989271164,0.916971278953179,FALSE
"poi","2.5.1","org.apache.poi.hssf.record.LinkedDataFormulaField",17.2,2,1.3,183,0,31,9,10,0,1,0,4,3,0,0.333333333,0.222222222,3,0.97000002861023,0.439999997615814,0.883524806785832,FALSE
"poi","2.5.1","org.apache.poi.poifs.property.Property",20.6875,3,1.1563,732,3,65,18,32,1,13,0,19,6,0,0.17578125,0.962648557,290,0.97000002861023,0.28999999165535,0.775613575162215,TRUE
"poi","2.5.1","org.apache.poi.hssf.util.CellReference",24.08333333,6,1.5833,306,0,30,9,12,1,6,0,6,0,0,0.375,0.690909091,34,0.959999978542328,0.389999985694885,0.7813315908996,FALSE
"poi","2.5.1","org.apache.poi.hssf.record.ContinueRecord",16.35714286,4,1.0714,245,0,28,11,14,0.5,4,5,7,3,1,0.5,0.807692308,61,1,0.600000023841858,0.930757186587112,FALSE
"poi","2.5.1","org.apache.poi.hssf.usermodel.HSSFRichTextString",16.14285714,8,1.5714,243,0,41,14,14,0,4,0,5,1,0,0.297619048,0.564102564,21,0.990000009536743,0.560000002384186,0.933994786235122,TRUE
"poi","2.5.1","org.apache.poi.hssf.record.formula.StringPtg",20.77777778,2,0.8889,202,0,22,8,9,0.166666667,2,2,5,4,1,0.333333333,0.666666667,2,0.980000019073486,0.519999980926514,0.904856395472434,FALSE
"poi","2.5.1","org.apache.poi.hssf.record.DeltaRecord",8.5,2,0.8333,117,0,23,10,12,0.333333333,2,6,5,3,1,0.4,0.909090909,54,0.990000009536743,0.52999997138977,0.916083554219328,TRUE
"poi","2.5.1","org.apache.poi.ddf.UnknownEscherRecord",28.16666667,3,1.3333,353,0,47,11,12,1,1,6,6,5,1,0.246753247,0.636363636,28,1,0.550000011920929,0.9221409971658,FALSE
"poi","2.5.1","org.apache.poi.hssf.record.LinkedDataRecord",17.5,2,0.9091,422,0,46,20,22,0.4,1,6,7,6,1,0.253246753,0.920634921,105,1,0.569999992847443,0.931096610605872,FALSE
"poi","2.5.1","org.apache.poi.ddf.EscherPropertyMetaData",5.25,1,0.5,33,0,5,4,4,0.25,1,0,1,0,0,0.583333333,1.125,0,1,0.469999998807907,0.904464751326384,TRUE
"poi","2.5.1","org.apache.poi.hpsf.MarkUnsupportedException",4,0,0,20,0,8,4,4,0,2,0,3,1,0,0.666666667,2,6,0.97000002861023,0.219999998807907,0.736840730703219,FALSE
"poi","2.5.1","org.apache.poi.hssf.record.RefModeRecord",8.583333333,2,0.8333,119,0,22,10,12,0.25,2,6,5,3,1,0.5,0.954545455,54,1,0.589999973773956,0.934308099061951,FALSE
"poi","2.5.1","org.apache.poi.hssf.record.SSTRecordSizeCalculator",52.625,6,2.375,441,0,20,3,8,1,2,0,3,2,0,0.416666667,0.369047619,0,0.980000019073486,0.46000000834465,0.915300260246889,TRUE
"poi","2.5.1","org.apache.poi.hssf.record.FormatRecord",15.23529412,4,1.2941,282,0,32,15,17,0.833333333,3,6,7,4,1,0.268907563,0.791666667,72,0.990000009536743,0.569999992847443,0.916840734743263,FALSE
"poi","2.5.1","org.apache.poi.hssf.record.UnitsRecord",10.58333333,2,0.8333,141,0,24,10,12,0.5,1,6,5,4,1,0.5,0.818181818,46,1,0.5799999833107,0.927859012358494,FALSE
"poi","2.5.1","org.apache.poi.hssf.record.SaveRecalcRecord",9.416666667,2,1,127,0,22,10,12,0.5,2,6,5,3,1,0.4,0.818181818,46,1,0.540000021457672,0.933524810769851,FALSE
"poi","2.5.1","org.apache.poi.hpsf.DocumentSummaryInformation",5.4375,1,0.9375,104,0,28,16,16,0,1,0,4,3,0,0.53125,1.066666667,120,0.97000002861023,0.550000011920929,0.886449085358851,FALSE
"poi","2.5.1","org.apache.poi.poifs.filesystem.Entry",0,1,1,6,0,6,6,6,0,6,0,6,1,0,0.583333333,2,15,0.930000007152557,0.189999997615814,0.725065275365317,FALSE
"poi","2.5.1","org.apache.poi.hssf.record.formula.GreaterThanPtg",5.4,1,0.8,67,0,14,10,10,0.333333333,2,0,4,2,0,0.32,1.111111111,45,1,0.550000011920929,0.919608358926001,FALSE
"poi","2.5.1","org.apache.poi.ddf.EscherArrayProperty",26,3,1.4286,379,0,34,13,14,1,2,4,6,4,1,0.385714286,1.076923077,19,1,0.509999990463257,0.922845955305871,FALSE
"poi","2.5.1","org.apache.poi.hpsf.Section",25.25,4,1.4167,322,0,30,9,12,1,2,0,7,5,0,0.5,0.818181818,48,0.930000007152557,0.46000000834465,0.781671016863681,FALSE
"poi","2.5.1","org.apache.poi.hssf.record.VerticalPageBreakRecord",4.4,1,0.2,28,0,9,5,5,0,1,3,2,1,1,0.55,1.25,10,0.990000009536743,0.620000004768372,0.929947785079946,FALSE
"poi","2.5.1","org.apache.poi.hssf.model.Model",0,0,0,0,0,0,0,0,0,4,0,4,0,0,0,2,0,0.9200000166893,0.400000005960464,0.742584855998465,FALSE
"poi","2.5.1","org.apache.poi.hpsf.wellknown.SectionIDMap",25.875,3,1.125,219,0,15,7,8,0.25,2,1,3,1,1,0.342857143,0.857142857,26,0.97000002861023,0.550000011920929,0.875091386526123,FALSE
"poi","2.5.1","org.apache.poi.ddf.EscherSimpleProperty",13.25,5,1.25,115,3,23,8,8,1,7,1,11,4,1,0.375,0.142857143,0,1,0.469999998807907,0.903550913299655,FALSE
"poi","2.5.1","org.apache.poi.hssf.record.SeriesLabelsRecord",15.79166667,2,0.9167,411,0,41,22,24,0.875,0,6,5,5,1,0.35,0.717391304,0,1,0.519999980926514,0.918198437510209,FALSE
"poi","2.5.1","org.apache.poi.poifs.filesystem.POIFSWriterEvent",5.4,1,0.8,36,0,6,4,5,1,3,0,5,2,0,0.36,0.75,2,0.990000009536743,0.52999997138977,0.923759795044483,FALSE
"poi","2.5.1","org.apache.poi.hssf.eventusermodel.HSSFUserException",4.6,1,0.2,29,0,7,5,5,1,3,0,3,0,0,0.6,0.5,4,0.980000019073486,0.389999985694885,0.821122713484279,TRUE
"poi","2.5.1","org.apache.poi.hssf.record.GroupMarkerSubRecord",15.9,2,0.9,171,0,24,8,10,0.5,2,6,5,4,1,0.525,0.666666667,0,1,0.569999992847443,0.93201044941073,FALSE
"poi","2.5.1","org.apache.poi.hssf.eventusermodel.HSSFRequest",27.75,2,1.25,116,0,17,3,4,1,3,0,8,5,0,0.5,0,0,0.990000009536743,0.46000000834465,0.915509139044167,FALSE
"poi","2.5.1","org.apache.poi.hpsf.Variant",3,0,0,51,0,2,1,1,0,0,0,0,0,0,1,2,0,0.949999988079071,0.449999988079071,0.819060052499447,FALSE
"poi","2.5.1","org.apache.poi.hssf.dev.BiffViewer",112,123,11.4167,1358,0,165,5,12,0.5,1,0,129,129,0,0.239583333,0.818181818,62,0.980000019073486,0.349999994039536,0.837780677852058,FALSE
"poi","2.5.1","org.apache.poi.hssf.record.RowRecord",16.48648649,4,1.1351,661,0,54,35,37,0.928571429,6,6,10,4,1,0.279279279,0.843253968,348,1,0.5799999833107,0.933733686454614,FALSE
"poi","2.5.1","org.apache.poi.poifs.storage.SmallDocumentBlock",25.25,3,1.25,319,0,25,8,12,1,6,0,8,2,0,0.214285714,0.863636364,24,0.990000009536743,0.540000021457672,0.910417755341094,TRUE
"poi","2.5.1","org.apache.poi.hssf.record.CalcCountRecord",8.583333333,2,0.8333,117,0,22,10,12,0.5,2,6,5,3,1,0.5,0.818181818,54,1,0.560000002384186,0.933002616811359,TRUE
"poi","2.5.1","org.apache.poi.hssf.record.AbstractEscherHolderRecord",16.35294118,4,1.3529,298,4,48,13,17,1,4,6,12,8,1,0.3875,0.75,44,0.980000019073486,0.569999992847443,0.91864229633665,FALSE
"poi","2.5.1","org.apache.poi.hssf.record.SeriesChartGroupIndexRecord",10.58333333,2,0.8333,141,0,24,10,12,0.5,0,6,4,4,1,0.5,0.818181818,46,0.990000009536743,0.52999997138977,0.909686685230962,FALSE
"poi","2.5.1","org.apache.poi.hssf.usermodel.HSSFCell",36.7,20,2.9,1151,0,104,22,30,0.6,5,0,20,16,0,0.146153846,0.748275862,87,1,0.550000011920929,0.937310709654507,TRUE
"poi","2.5.1","org.apache.poi.hssf.record.DimensionsRecord",13.05555556,2,0.8889,259,0,30,16,18,0.833333333,2,6,5,3,1,0.458333333,0.794117647,107,1,0.550000011920929,0.931096612473381,FALSE
"poi","2.5.1","org.apache.poi.hssf.eventmodel.ModelFactory",21.8,7,2.2,117,0,24,4,5,0,0,0,8,8,0,0.36,0.666666667,2,0.949999988079071,0.389999985694885,0.774438641401246,FALSE
"poi","2.5.1","org.apache.poi.hpsf.PropertySet",15.68181818,4,1.0455,378,1,56,16,22,0.545454545,4,0,14,10,0,0.369047619,0.813852814,197,0.980000019073486,0.389999985694885,0.850130547664807,TRUE
"poi","2.5.1","org.apache.poi.poifs.storage.BlockAllocationTableWriter",15.375,3,1.375,134,0,17,7,8,1,2,0,7,5,0,0.458333333,0.571428571,0,0.990000009536743,0.469999998807907,0.915274153101226,FALSE
"poi","2.5.1","org.apache.poi.hssf.record.PaneRecord",16.55,2,0.9,361,0,32,18,20,0.5,2,6,6,4,1,0.45,0.894736842,114,1,0.540000021457672,0.935874680937426,FALSE
"poi","2.5.1","org.apache.poi.hssf.util.RangeAddress",24.36666667,6,2.6333,767,0,53,24,30,0,3,0,3,0,0,0.391666667,0.873563218,331,0.97000002861023,0.560000002384186,0.872767625216093,FALSE
"poi","2.5.1","org.apache.poi.poifs.filesystem.BATManaged",0,1,1,2,0,2,2,2,0,5,0,5,0,0,0.75,2,1,0.959999978542328,0.439999997615814,0.794151433843234,TRUE
"poi","2.5.1","org.apache.poi.hssf.model.Sheet",26.84496124,42,2.2171,3629,0,376,95,129,0.72972973,5,0,67,62,0,0.0671875,0.942356419,6636,0.97000002861023,0.370000004768372,0.871906005060081,FALSE
"poi","2.5.1","org.apache.poi.poifs.filesystem.DocumentEntry",0,1,1,1,0,1,1,1,0,6,0,7,1,0,1,2,0,0.980000019073486,0.430000007152557,0.817963446400495,FALSE
"poi","2.5.1","org.apache.poi.hssf.record.SharedFormulaRecord",15.27272727,3,1.1818,183,0,23,9,11,0.5,3,6,6,3,1,0.431818182,0.8,25,1,0.540000021457672,0.935613583802554,FALSE
"poi","2.5.1","org.apache.poi.hssf.usermodel.HSSFDataFormat",51.75,7,3,426,0,28,7,8,1,2,0,4,2,0,0.25,0.571428571,0,0.97000002861023,0.370000004768372,0.805352479141624,TRUE
"poi","2.5.1","org.apache.poi.util.LittleEndian",9.828571429,2,1.2,379,0,43,32,35,0,184,0,186,2,0,0.2,2,595,0.990000009536743,0.469999998807907,0.924308094203316,FALSE
"poi","2.5.1","org.apache.poi.hssf.record.formula.UnknownPtg",2.571428571,1,0.7143,26,0,8,7,7,1,0,2,2,2,1,0.428571429,1,21,0.980000019073486,0.469999998807907,0.888563971684433,TRUE
"poi","2.5.1","org.apache.poi.hssf.record.Margin",0,1,1,2,0,2,2,2,0,5,0,5,0,0,0.75,2,1,0.97000002861023,0.430000007152557,0.843681461661665,FALSE
"poi","2.5.1","org.apache.poi.hssf.record.FnGroupCountRecord",8.363636364,2,0.8182,106,0,21,9,11,0.333333333,2,6,5,3,1,0.522727273,0.933333333,49,0.990000009536743,0.5799999833107,0.922271543632288,TRUE
"poi","2.5.1","org.apache.poi.hssf.record.formula.UnaryMinusPtg",4.6,1,0.8,59,0,15,10,10,0.333333333,2,0,5,3,0,0.32,1.111111111,45,1,0.550000011920929,0.92357702915102,FALSE
"poi","2.5.1","org.apache.poi.ddf.EscherChildAnchorRecord",13.86666667,1,0.9333,229,0,31,15,15,0.666666667,1,5,6,5,1,0.333333333,0.833333333,43,1,0.589999973773956,0.935404705783406,FALSE
"poi","2.5.1","org.apache.poi.hssf.record.DrawingGroupRecord",4,1,0.4,26,0,8,4,5,0,2,2,3,1,1,0.5,1.25,10,1,0.560000002384186,0.927493477459054,FALSE
"poi","2.5.1","org.apache.poi.hssf.record.aggregates.FormulaRecordAggregate",7.321428571,3,1.1786,237,0,51,26,28,0.75,3,6,8,5,1,0.198412698,0.731481481,0,1,0.5,0.916527417247663,FALSE
"poi","2.5.1","org.apache.poi.poifs.filesystem.DocumentInputStream",19.30769231,2,0.9231,271,0,23,11,13,1,10,2,13,3,1,0.256410256,0.642857143,0,0.980000019073486,0.409999996423721,0.800052215629707,FALSE
"poi","2.5.1","org.apache.poi.hssf.record.formula.MemErrPtg",4.636363636,1,0.8182,66,0,14,11,11,0.75,1,2,3,3,1,0.327272727,0.9,33,0.990000009536743,0.519999980926514,0.931357706028861,FALSE
"poi","2.5.1","org.apache.poi.hssf.eventmodel.EventRecordFactory",77,8,2,785,0,62,6,10,1,2,0,15,13,0,0.172839506,0.644444444,15,0.959999978542328,0.52999997138977,0.857806789657155,FALSE
"poi","2.5.1","org.apache.poi.ddf.EscherClientAnchorRecord",16.48148148,2,1.037,484,0,47,27,27,0.833333333,3,5,8,5,1,0.265432099,0.875,195,1,0.550000011920929,0.935065281142143,FALSE
"poi","2.5.1","org.apache.poi.hssf.record.BlankRecord",14.04347826,7,1.8261,350,0,36,21,23,0.75,5,6,9,4,1,0.304347826,0.727272727,221,1,0.560000002384186,0.932584863107447,FALSE
"poi","2.5.1","org.apache.poi.hssf.record.ObjRecord",16.21428571,2,1.2143,243,0,39,12,14,0.5,8,6,12,4,1,0.4,0.692307692,1,1,0.600000023841858,0.912898176488304,FALSE
"poi","2.5.1","org.apache.poi.hssf.record.DrawingRecordForBiffViewer",4,1,0.4,26,0,8,4,5,0,1,2,2,1,1,0.5,1.25,10,0.990000009536743,0.479999989271164,0.925143607836168,TRUE
"poi","2.5.1","org.apache.poi.hssf.record.PColor",26.66666667,1,0.6667,86,0,9,3,3,0,1,0,1,0,0,0.5,0,0,0.959999978542328,0.310000002384186,0.826631850891263,FALSE
"poi","2.5.1","org.apache.poi.ddf.EscherDgRecord",12.46153846,1,0.9231,179,0,29,13,13,0.5,2,5,7,5,1,0.323076923,0.854166667,34,1,0.5799999833107,0.93616188630734,FALSE
"poi","2.5.1","org.apache.poi.hssf.record.CountryRecord",9.538461538,2,0.8462,140,0,23,11,13,0.666666667,2,6,5,3,1,0.5,0.805555556,66,0.990000009536743,0.569999992847443,0.925039170305038,TRUE
"poi","2.5.1","org.apache.poi.hssf.record.formula.NotEqualPtg",5.666666667,1,0.7778,62,0,13,9,9,0,2,0,4,2,0,0.333333333,1.125,36,0.990000009536743,0.550000011920929,0.910261097682674,FALSE
"poi","2.5.1","org.apache.poi.hssf.record.formula.Ptg",33.25,4,1.1667,415,16,56,12,12,0.25,25,0,46,35,0,0.283333333,1,60,1,0.490000009536743,0.930966062271875,FALSE
"poi","2.5.1","org.apache.poi.poifs.storage.HeaderBlockReader",22.85714286,2,1,173,0,20,7,7,1,2,0,7,5,0,0.571428571,0.833333333,9,0.990000009536743,0.330000013113022,0.798903393138482,FALSE
"poi","2.5.1","org.apache.poi.hssf.record.formula.AddPtg",5,1,0.8,63,0,14,10,10,0.333333333,2,0,4,2,0,0.32,1.111111111,45,1,0.560000002384186,0.906161882236172,TRUE
"poi","2.5.1","org.apache.poi.hssf.record.InterfaceHdrRecord",8.454545455,2,0.8182,107,0,21,9,11,0.333333333,2,6,5,3,1,0.522727273,0.933333333,49,1,0.550000011920929,0.922924284524146,FALSE
"poi","2.5.1","org.apache.poi.hssf.record.NameRecord",19.12903226,6,1.4194,1287,0,108,56,62,0.487179487,5,6,14,10,1,0.203629032,0.957965532,1491,0.990000009536743,0.589999973773956,0.92279373976954,FALSE
"poi","2.5.1","org.apache.poi.poifs.property.Child",0,1,1,4,0,4,4,4,0,3,0,3,0,0,0.75,2,6,0.9200000166893,0.46000000834465,0.796527414735864,FALSE
"poi","2.5.1","org.apache.poi.hssf.record.ChartFormatRecord",12.57894737,2,0.8947,265,0,35,17,19,0.857142857,1,6,5,4,1,0.368421053,0.817460317,109,0.990000009536743,0.600000023841858,0.919216717036524,FALSE
"poi","2.5.1","org.apache.poi.hssf.dev.HSSF",121,8,2,492,0,49,4,4,1,0,0,10,10,0,0.5625,0,0,1,0.509999990463257,0.934595304898743,FALSE
"poi","2.5.1","org.apache.poi.poifs.filesystem.DocumentNode",5,1,0.8889,55,0,17,6,9,1,3,1,9,7,1,0.407407407,0.75,30,0.939999997615814,0.340000003576279,0.721357700563286,TRUE
"poi","2.5.1","org.apache.poi.hssf.record.RecordFormatException",4,0,0,5,0,2,1,1,0,140,0,140,0,0,1,2,0,0.980000019073486,0.310000002384186,0.805404699502352,TRUE
"poi","2.5.1","org.apache.poi.hpsf.PropertySetFactory",13,1,0.5,28,0,8,2,2,0,0,0,6,6,0,0.5,2,1,0.980000019073486,0.340000003576279,0.823994776676591,TRUE
"poi","2.5.1","org.apache.poi.hssf.record.formula.ExpPtg",8.428571429,2,1,69,0,10,7,7,0.666666667,2,2,3,2,1,0.428571429,0.944444444,9,0.990000009536743,0.52999997138977,0.898981722310069,FALSE
"poi","2.5.1","org.apache.poi.ddf.EscherSpgrRecord",15.46666667,2,1,253,0,32,15,15,0.666666667,1,5,7,6,1,0.333333333,0.833333333,43,1,0.5799999833107,0.936736299381555,FALSE
